"name","keywords"
"maritime anomaly detection in a real-world scenario: ever given grounding in the suez canal","anomaly detector,Anomaly detection,Marine vehicles,Grounding,statistical hypothesis testing,Ever Given grounding,automatic maritime anomaly detection tools,statistical analysis,Ornstein-Uhlenbeck process,Testing,ships,Containers,automatic identification system,radar,maritime surveillance,satellite radar systems,contextual information,container vessel,Suez Canal,Artificial intelligence,ground-based system,marine engineering computing,Maritime anomaly detection,Irrigation,statistical hypothesis testing procedure,expected nominal behavior,AIS data,"
"vessel track information mining using ais data","Markov processes,data mining,Clustering algorithms,Association rules,vessel movements,Hidden Markov models,anomaly detection,Marine vehicles,Markov model,vessel traffic,maritime traffic management,statistical analysis,motion patterns,association rules,Data models,Markov,traffic information systems,vessel track information mining,traffic characteristics,maritime situation awareness,frequent moving status,vessel motion,marine vehicles,AIS data,"
"an integrated maritime reasoning and monitoring system","surveillance,naval engineering computing,sensor fusion,Maritime Monitoring System,attention-knowledge-and-comprehension,maritime traffic data,MPA engine,graylist network analysis,Bayes methods,Anomaly Detection,Monitoring,PACKED model,Bayesian reasoning,entity network analysis,decision indicator,information fusion,Bayesian knowledge model,Scenario Modeling,cognitive challenge,marine systems,military computing,data collection,Bayesian network inference engine,human-based cognitive endeavor,anomalous vessel movement,maritime surveillance,entity-relationship,Humans,GNA engine,Relationship Analysis,dynamic round-the-clock maritime shipping,maritime information system,information exploitation system,inference mechanisms,machine-based computing,port activity,Engines,Pattern analysis,Bayesian Reasoning,Trend Analysis,Algorithm design and analysis,Computational modeling,Cognition,maritime reasoning,maritime monitoring system,human-based surveillance,movement pattern analysis,"
"maritime situational awareness forensics tools for a common information sharing environment (cise)","EU Member States,surveillance,maritime traffic,CY-CISE projects,Maritime Security,Distributed CISE database,Forensics,security of data,maritime security,common information sharing environment,National Situational Picture Management system,Cypriot CISE,MS,deep learning,automatic identification system,marine engineering,Maritime Surveillance,Databases,AIS,CISE,C2I system,Europe,Information management,corresponding national legacy systems,Control,Artificial intelligence,Hellenic CISE,NSPM system,command and control systems,Command,maritime surveillance systems,control-command-information system,national security,fusion algorithms,integrated systems laboratory,ISL,Surveillance,AI,Tools,learning (artificial intelligence),time filtering,forensics tools,"
"collaborative autonomous multi-vessel detection, bounding, and containment for maritime environmental disasters","international collision regulations,disasters,bounding process,Search problems,autonomous environmental anomaly detection,Oils,MOOS-IvP middleware,oil pollution,marine safety,bounded spill area,Linear programming,Databases,maritime environmental disasters,object detection,collaborative autonomous multivessel detection,collaborative marine autonomy,Collaboration,marine traffic,Autonomous vehicles,marine pollution,bounding oil boom,spill reports,multiple autonomous vessels,Temperature sensors,vessel,radioactive contamination,simulated oil spill anomaly,oceanographic techniques,"
"online fault detection in autonomous ferries: using fault-type independent spectral anomaly detection","operational reliability,generic threshold limit,acceleration calculation,fault-type independent spectral anomaly detection algorithm,variational autoencoder,engine loads,Anomaly detection,fault detector,reliability,multiregime normalization,Acceleration,ship autonomy,prognostics and health management (PHM),neural nets,Autonomous ferry,autonomous ferry crossing operations,system safety,data analysis,marine systems,ships,marine diesel engine degradation,Prognostics and health management,prognostics and health management system,online fault detection,dynamic threshold limit,Diesel engines,data-driven PHM system,mechanical engineering computing,feature selection,feature selection process,diesel engines,Fault detection,condition monitoring,Degradation,environmental conditions,marine diesel engine,maritime industry,failure analysis,Heuristic algorithms,multiregime normalization method,fault diagnosis,velocity calculation,faulty degradation data,"
"online learning of temporal logic formulae for signal classification","anomaly detection problem,Prediction algorithms,Machine learning,temporal logic formulae,temporal logic,signal classification,signal temporal logic formula,automotive system,Decision trees,formula complexity,trees (mathematics),Impurities,STL,temporal logic properties,Binary trees,Complexity theory,online supervised learning problem,inference mechanisms,maritime environment,incremental construction,Task analysis,binary tree,online inference,learning (artificial intelligence),fault classification problem,"
"research on ship abnormal behavior detection method based on graph neural network","ship abnormal behavior monitoring,VTS system,sea environment set,graph attention network,multivariate time series,graph neural network,Marine vehicles,neural nets,Mechatronics,ships,marine safety,VTS system monitoring,multidimensional time series,sliding window,Data models,object detection,vessel traffic service,Time series analysis,existing maritime intelligent supervision,online real-time detection,Real-time systems,graph theory,time series,ship abnormal behavior detection method,Trajectory,maritime supervision,fixed data input generation,Cognition,traffic engineering computing,ship abnormal behavior detection,abnormal behavior characteristics,ship behavior characteristics,"
"a novel model for ship trajectory anomaly detection based on gaussian mixture variational autoencoder","Trajectory,anomaly detection of ship trajectory,Clustering algorithms,Classification algorithms,Mathematical models,gaussian mixture variational autoencoder (gmvae),unsupervised learning,Gaussian distribution,Marine vehicles,Artificial neural networks,intelligent transportation,AIS,"
"evaluating precise and imprecise state-based anomaly detectors for maritime surveillance","state-based anomaly detection,Bayesian operator,kernel density estimators,real-world maritime dataset,Anomaly detection,Mathematical model,security of data,Delay,Bayesian methods,Equations,marine engineering,Biological system modeling,Bayesian combination operator,maritime surveillance,sliding window,Gaussian processes,Joints,credal combination operator,Gaussian mixture models,state-based anomaly detectors,AIS data,Detectors,"
"a cloud based architecture capable of perceiving and predicting multiple vessel behaviour","Vessel behaviour prediction,Soft computing applications,Artificial Neural Network,Automated identification system,Maritime Domain Awareness,"
"density-based anomaly detection in the maritime domain",""
"igroup learning and idetect for dynamic anomaly detection with applications in maritime threat detection","maritime threat detection,anomalous behavior,statistical methods,Marine vehicles,Monitoring,iGroup learning,security of data,baseline distribution,statistical analysis,Standards,marine engineering,maritime domain,statistical tools,Artificial intelligence,Statistical analysis,dynamic anomaly detection,Trajectory,iDetect,Tools,maritime transportation system,"
"detecting anomalous maritime container itineraries for anti-fraud and supply chain security","data mining,supply chain management,Kernel,Support vector machines,supply-chain security,anomaly detection,container status messages,data visualisation,container itineraries,supply chain security,one-class classification,Loading,suspicious containerized transportation,Web services,ships,Containers,container monitoring,support vector machines,customs authority,SVM classifier,pattern classification,anomalous maritime container itinerary detection,containers,Data visualization,antifraud,risk analysis,containerisation,condition monitoring,Trajectory,Web-based visualization tool,in-house global route-based risk analysis,Algorithm design and analysis,fraud,anti-fraud,irregular container shipment,container status detection,"
"varying-scale hca-dbscan-based anomaly detection method for multi-dimensional energy data in steel industry","Anomaly detection,Varying-scale HCA-DBSCAN,Multi-dimensional energy data,Steel industry,"
"airborne maritime surveillance using magnetic anomaly detection signature","airborne radar,Kinematics,military radar,posterior Cramer-Rao lower bound,marine radar,underwater target tracking,single surface-target tracking problem,radar detection,active acoustic sensors,multiple nonlinear filters,long-range detection,Sea measurements,underwater vehicles,Magnetoacoustic effects,Airborne target tracking,target tracking,Magnetometers,land-based targets,magnetic anomaly detection signature,MAD,maritime surveillance,Target tracking,unexploded explosive ordnance,total-field measurements,airborne total-field sensor,nonlinear target tracking,magnetic anomaly detection,nonlinear filters,Magnetic moments,radar tracking,accurate final localization,buried drums,sea mines,ferrous components,airborne maritime surveillance,Earth,Surveillance,airborne sensor,passive sensors,magnetic signature,"
"maritime anomaly detection for vessel traffic services: a survey",""
"online maritime abnormality detection using gaussian processes and extreme value theory","Outlier Detection,media streaming,Kernel,Covariance matrix,Novelty Detection,Mathematical model,Equations,sampling methods,marine engineering,count stochastic processes,Data models,data streams,sampling process,Gaussian processes,anomalous behaviour,Context,streaming data,Maritime Traffic,time series,extreme value theory,Extreme Value,dynamic extreme value modeling,maritime vessel track analysis,Gaussian Process,data handling,online maritime abnormality detection,"
"data variety and integrity assessment for maritime anomaly detection",""
"maritime anomaly detection of malicious data spoofing and stealth deviations from nominal route exploiting heterogeneous sources of information","vessel dynamic,maximum likelihood estimation,spaceborne satellite sensors,piecewise Ornstein-Uhlenbeck mean-reverting processes,generalized likelihood ratio test,model order selection,five-hypothesis testing problem,Sensor systems,Automatic Identification System data spoofing,monitoring systems,security of data,maritime security,Sea measurements,Stochastic processes,maritime situational awareness,target tracking,GLRT,stealth deviations,Ornstein-Uhlenbeck process,automatic identification system,marine engineering,stochastic processes,nominal route,stochastic formulation,data spoofing,Gaussian processes,Radar tracking,maritime anomaly detection,coastal radars,Maritime anomaly detection,MOS,multiple statistical hypothesis test,Sensors,heterogeneous information sources,Spaceborne radar,Radar detection,"
"a distributed lightning fast maritime anomaly detection service","Anomaly detection,Marine vehicles,Monitoring,Anomaly Detection,marine navigation,security of data,unexpected communication gaps,distributed architecture capable,ships,decision steering,marine engineering,Automatic Identification System,distributed lightning fast maritime anomaly detection service,Automatic Identification System transponders,Computer architecture,Artificial intelligence,Real-time systems,Big Data,travel pattern deviations,Engines,time critical computing systems,navigation,Maritime Situational Awareness,"
"spatial ontologies for detecting abnormal maritime behaviour","surveillance,disasters,abnormal ship behaviour detection,Anomaly detection,spatial ontology,Marine vehicles,monitoring systems,geographical inference engine,detailed expert knowledge formalisation,Maritime surveillance systems,OWL,ships,operational staff,environmental disasters,marine engineering,maritime surveillance,acquisition capabilities,automatic suspicious vessel identification,piracy,ontologies (artificial intelligence),private initiatives,expert systems,abnormal maritime behaviour detection,inference mechanisms,Spatial ontology,Ontologies,governmental initiatives,Engines,Sensors,Surveillance,Automated reasoning,"
"unsupervised maritime traffic graph learning with mean-reverting stochastic processes","real-world data,Clustering algorithms,Anomaly detection,unsupervised learning,graph construction criteria,Marine vehicles,mean-reverting stochastic processes,unsupervised maritime traffic graph learning,Stochastic processes,maritime situational awareness,DBSCAN,Ornstein-Uhlenbeck process,change detection,ships,automatic identification system,stochastic processes,motion control,AIS,navigational legs,maritime traffic graph,Artificial intelligence,velocity control,graph theory,constant cruise velocity,Legged locomotion,clustering,graph representativeness,Navigation,navigation,graph learning,navigational way-points,ship velocity,"
"operational use of sar detections for enhancing maritime anomaly detection",""
"fuzzy/human risk analysis for maritime situational awareness and decision support","decision support systems,RMF,HC,Risk management,Hidden Markov models,human computer interaction,Human computer interaction,fuzzy logic,maritime situational awareness,marine engineering,risk management,human computation,Spread spectrum communication,Decision support systems,human risk analysis,DSS,risk management framework,fuzzy systems,Data mining,Fuzzy risk analysis,"
"predicting ais reception using tropospheric propagation forecast and machine learning","identification technology,naval engineering computing,Marine vehicles,Machine learning,Conferences,Global Positioning System,Sea measurements,Predictive models,maritime situational awareness,predicting AIS reception,tropospheric electromagnetic wave propagation,ships,marine engineering,machine learning,tropospheric index forecast maps,tropospheric propagation forecast,modelling methods,AIS message,AIS signals,Indexes,Automatic Identification System station,VHF radio propagation,coastal station,marine communication,learning (artificial intelligence),"
"application of ray tracing for beyond-line-of-sight maritime communication in evaporation ducts","long distance propagation,ray tracing,atmospheric ducts,Ducts,beyond-line-of-sight maritime communication,channel parameter estimation,ducts,horizontal distance variations,receiver,path loss,B-LoS links,path loss estimation,RT method,Wireless communication,Transmitters,anomalous propagation,delay estimation,channel estimation,evaporation duct,eigenrays,maritime evaporation duct environment,angle of arrival estimation,B-LoS range,parabolic equation methods,direction-of-arrival estimation,wireless channels,transmitter,parabolic equations,beyond-line-of-sight,marine communication,ray trajectories,Simulation,Receivers,Refractive index,delay spread,ray tracing method,refractive index,acoustic wave propagation,Ray tracing,refractivity distribution,"
"quantitative assessment of anomaly detection algorithms in annotated datasets from the maritime domain",""
"machine learning-assisted anomaly detection in maritime navigation using ais data","security of data,maritime traffic situation awareness,multiclass anomaly framework,pattern classification,multiclass artificial neural network,AIS message dropouts,neural nets,illegal fishing,learning (artificial intelligence),illegal activities,ships,automatic identification system,marine engineering,machine learning-assisted anomaly detection,maritime navigation,AIS transponders,"
"unsupervised maritime traffic pattern extraction from spatio-temporal data","Traffic control,Clustering algorithms,unsupervised learning,anomaly detection,Marine vehicles,vessel AIS information,spatiotemporal data,data analysis,ships,automatic identification system,marine engineering,Automatic Identification System,maritime traffic pattern,AIS,maritime surveillance,Data models,feature extraction,Classification algorithms,identification,Trajectory,maritime situation awareness,maritime traffic pattern extraction,density-based clustering,Data mining,"
"maritime anomaly detection and threat assessment","Markov processes,white shipping,anomalous ship behaviour,Hidden Markov models,Automatic identification system (AIS),anomaly detection,Bayes methods,Marine vehicles,belief networks,Sea measurements,robust automatic data processing,unexpected port arrival,threat assessment,automatic identification system,marine engineering,Biological system modeling,individual probability,anomalous behaviour,situational awareness,maritime anomaly detection,Tracking,maritime environment,Bayesian network,Probability,AIS activity,security,"
"routeminer: mining ship routes from a massive maritime trajectories","data mining,Vectors,movement behavior,anomaly detection,Marine vehicles,movement behavior discovery,traffic management,ship trajectories,Trajectory Data Mining,mining ship routes,ship route mining,Ship Route Mining,marine systems,maritime trajectories,Vehicles,trajectory data analysis,route miner system,Maritime Trajectory,trajectory data mining,maritime domain,behavioral pattern,maritime traffic analysis,Roads,location prediction,Trajectory,massive maritime trajectories,Uncertainty,road networks,Data mining,maritime area,location-aware knowledge,"
"behaviour analysis and anomaly detection algorithms for the maritime integrated surveillance awareness","surveillance,sensor fusion,Anomaly detection,anomaly detection,Anomaly Detection,data fusion,Data Fusion,maritime security,data exchange,maritime integrated surveillance awareness,social-economical activities,maritime administrations,marine systems,military computing,ships,marine safety,marine engineering,air intervention forces,socio-economic effects,Europe,European policy,decision making,Artificial intelligence,European Commission,Data integration,European Project Consortium - MARISA,Behavior Analysis,maritime operations centers,behaviour analysis,Microsoft Windows,national security,Navigation,Surveillance,Maritime Situational Awareness,maritime safety,"
"anomaly detection in spatiotemporal data in the maritime domain","security of data,maritime security,Data models,Educational institutions,maritime domain,Probability density function,Spatiotemporal phenomena,data volume,marine engineering,spatiotemporal data,Bayesian methods,anomaly detection,Security,Abstracts,"
"anomaly detection in maritime domain based on spatio-temporal analysis of ais data using graph neural networks","Graph neural networks,critical applications,data mining,graph embedding,event detection,Automatic information system,Anomaly detection,matrix algebra,Graph Network Deviation Detector,abnormal movements,Origin-Destination matrix data,Feature extraction,movement pattern,neural nets,Directed graphs,temporal aspect,marine systems,automatized task,Signal processing,maritime domain,directed graphs,Artificial intelligence,trajectory mining,standard route,graph theory,anomaly Detection,Spatiotemporal graph embeddings,real-world AIS datasets,spatio-temporal analysis,Trajectory,trajectory features,aforementioned features,Event detection,AIS data,"
"cognitively-inspired motion pattern learning & analysis algorithms for higher-level fusion and automated scene understanding","Motion detection,Pattern analysis,Decision making,Algorithm design and analysis,Layout,Motion analysis,Computerized monitoring,Displays,Vehicles,Tracking,"
"explainable anomaly detection framework for maritime main engine sensor data",""
"uses and misuses of the automatic identification system","identification technology,maritime traffic,collaborative platforms,Marine vehicles,Monitoring,maritime domain awareness,AIS messages,Reliability,Sea measurements,compulsory collision prevention device,fishing pressure,maritime monitoring activities,ships,automatic identification system,maritime risks,marine safety,Automatic Identification System,data falsification,Artificial intelligence,large worldwide AIS datasets,risk analysis,vessel-born noise,Trajectory,marine communication,air pollution,Navigation,collision avoidance,AIS possible integrity issues,"
"hybrid bernoulli filtering for detection and tracking of anomalous path deviations","Anomaly detection,switching nature,state random vector,Sea measurements,Stochastic processes,Radio frequency,vessel tracking,hybrid Bernoulli filtering,target tracking,Random Finite Set framework,stochastic processes,filtering theory,hybrid Bernoulli filter,Target tracking,object detection,Gaussian processes,Bayesian framework,Artificial intelligence,anomalous path deviations,unknown OU velocity input,nominal mean velocity,Surveillance,marine vessel,joint posterior density,sequential joint anomaly detection,"
"contextual verification for false alarm reduction in maritime anomaly detection","Kinematics,AIS Data,emergency management,vessel kinematic information,Contextual Verification,Trajectory Clustering,Anomaly Detection,contextual verification,US coast guard,Meteorology,False Alarm Reduction,illegal activities,marine engineering,automated vessel anomaly detection,false alarms,Big data,contextual information,Context,false alarm reduction,maritime anomaly detection,Real-time systems,emergency response,Tracking,Trajectory,territorial waters,AIS data,"
"maritime anomaly detection based on mean-reverting stochastic processes applied to a real-world scenario","real-world data,Anomaly detection,Marine vehicles,mean-reverting stochastic process,security of data,maritime security,Stochastic processes,proper statistical hypothesis testing procedure,target tracking,statistical analysis,Ornstein-Uhlenbeck process,OU process long-term velocity parameter,automatic identification system,automatic identification system device,stochastic processes,marine engineering,AIS,nominal velocity,Artificial intelligence,maritime anomaly detection,vessel switches,Trajectory,statistical hypothesis test,Ornstein-Uhlenbeck,Transponders,planned route,Navigation,"
"detecting anomalous deviations from standard maritime routes using the ornstein–uhlenbeck process",""
"a bayesian parametric statistical anomaly detection method for finding trends and patterns in criminal behavior","Anomaly detection,Bayes methods,Monitoring,Situation awareness,Data analysis,Image color analysis,behavioural sciences computing,geographically tagged alarm data,situation awareness improvement,Bayesian statistics,Bayesian parametric statistical anomaly detection method,criminal behavior trends,BPAD,Criminal behaviour,criminal behavior pattern,crime monitoring,suspected criminal behavior,suspicious behavior automatic detection,Market research,suspected criminal activities,Data collection,Data mining,police data processing,"
"synthetic trajectory extraction for maritime anomaly detection","Clustering algorithms,Kernel,vessels movements,Anomaly detection,anomaly detection,traffic patterns,security of data,trajectory representation,ships,clustering algorithms,marine engineering,maritime domain,Heating systems,route models,pattern clustering,Artificial intelligence,maritime anomaly detection,synthetic trajectory extraction,Trajectory,data sparsity,probability,Gaussian distribution,data handling,"
"unsupervised extraction of knowledge from s-ais data for maritime situational awareness","surveillance,vessel activity,Clustering algorithms,Hidden Markov models,knowledge representation,unsupervised learning,anomaly detection,Marine vehicles,vessel dynamics,probabilistic normalcy model,security of data,automatic vessel behaviour analysis,maritime situational awareness,space-based AIS,marine safety,marine engineering,emerging technology,maritime surveillance,Data models,Length measurement,oceanic scale,vehicle dynamics,unsupervised knowledge extraction,prediction tasks,high-level situational awareness,maritime scene model,historical S-AIS data,Trajectory,unsupervised techniques,probability,knowledge acquisition,Surveillance,marine vehicles,"
"maritime magnetic anomaly mapping with a diamond nitrogen vacancy sensor","navigational signal,nitrogen,strap-down configuration,geomagnetism,Chesapeake Bay,magnetometers,Earth's magnetic field,Magnetometers,marine systems,diamond nitrogen vacancy vector magnetometer,diamond nitrogen vacancy sensor,Magnetic separation,diamond,Superconducting magnets,Magnetic cores,Magnetic field measurement,surface vessel,maritime magnetic anomaly mapping,calibration,Earth crust,Earth,crustal magnetic anomaly field,magnetic fields,"
"shell disease in eastern oysters, crassostrea virginica, reared in france",""
"research on detection mechanism of vessel abnormal behavior based on immune genetic spectral clustering algorithm","Immune genetic,Abnormal behavior detection,Automatic identification system (AIS),Spectral clustering,Duplicato-degree measurement,Intelligent vessel supervision,"
"a bibliometric analysis of cyber security and cyber forensics research","Deep learning,Bibliometry,Anomaly detection,Malware detection,Cyber security,Machine learning,Cyber forensics,Cyber attack,"
"high fidelity digital twin-based anomaly detection and localization for smart water grid operation management","Data analytics,Anomaly localization,Smart water grid,Anomaly detection,Machine learning,Digital twin,"
"exploiting ais data for intelligent maritime navigation: a comprehensive survey from data to methodology","data mining,intelligent maritime navigation,electronic exchange,Safety,maritime safety,AIS data survey,anomaly detection,Marine vehicles,route estimation,security of data,onboard transceiver,collision prediction,ships,marine safety,automatic identification system,marine engineering,Artificial intelligence,vessels,marine intelligence research,path planning,vessel movement,marine data mining,navigation data,Navigation,Data mining,Intelligent maritime navigation,Estimation,AIS data,satellite base stations,oceanographic techniques,"
"maritime anomaly detection: a review",""
"detection of abnormal vessel behaviours from ais data using geotracknet: from the laboratory to the ocean","automatic anomaly detection,GeoTrackNet,maritime traffic,Anomaly detection,anomaly detection,real-time,neural networks,neural nets,deep learning,automatic identification system,marine engineering,AIS data streams,abnormal vessel behaviours,AIS,Wind,Artificial intelligence,Real-time systems,Big Data,maritime big data,Training,Trajectory,traffic engineering computing,marine vehicles,vessel monitoring,learning (artificial intelligence),"
"on the effectiveness of ai-assisted anomaly detection methods in maritime navigation","maritime traffic situation awareness,AI-assisted anomaly detection,decision trees,Support vector machines,logistic regression,Anomaly detection,static voyage information,random forests,ANN,marine navigation,Feature extraction,security of data,maritime security,k-nearest neighbors,regression analysis,AIS technology,naive Bayes,neural nets,naive Bayes methods,automatic identification system,marine safety,marine engineering,support vector machines,maritime navigation,dynamic voyage information,maritime domain,random forest,SVM,Artificial intelligence,AIS on-off switching anomaly,nearest neighbour methods,artificial neural network,Training,Trajectory,support vector machine,nonintentional AIS OOS anomalies,Navigation,artificial intelligence,decision tree,AIS data,"
"maritime anomaly detection in ferry tracks","Markov processes,automatic anomalous shipping track detection,Hidden Markov models,unsupervised learning,Marine vehicles,Anomaly Detection,ferry tracks,Markov chain based detector,marine navigation,Gaussian Processes,heading information,displacement information regression,regression analysis,outlier detection,data analysis,Median Absolute Deviation,object tracking,ships,ferry coordinates,automatic identification system,direction information,Training data,Gaussian processes,traffic information systems,Artificial intelligence,median absolute deviation,maritime anomaly detection,Solent area,Maritime Traffic,Gaussian process model,Detectors,"
"open data for anomaly detection in maritime surveillance","Anomaly detection,Maritime security,Maritime domain awareness,Open data,"
"unsupervised learning of maritime traffic patterns for anomaly detection","vessel behaviour,Incremental Learning,ships state vector,maritime situational awareness,pattern clustering,identity information,single AIS terrestrial receiver,regional networks,automatic identification system data,marine systems,unsupervised learning,ships,anomaly detection,low-likelihood behaviour detection,Maritime Situational Awareness,Automatic Identification System,maritime traffic patterns,"
"learning motion patterns in ais data and detecting anomalous vessel behavior","Outlier Detection,maritime traffic,Anomaly detection,automatic identification system data,Anomaly Detection,Conferences,Sea measurements,outlier detection,ships,statistical testing,Marine Safety,current motion model,Data models,traffic information systems,Artificial intelligence,Sweden,Statistical analysis,marine engineering computing,anomalous vessel behavior detection,Current measurement,learning (artificial intelligence),motion pattern learning,historical AIS data,data handling,"
"magnetic anomaly detection of adjacent parallel pipelines using deep learning neural networks","Magnetic anomaly detection,Neural networks,Deep learning,Adjacent parallel pipelines,"
"exploring trajectory behavior model for anomaly detection in maritime moving objects","maritime moving objects,surveillance,maritime moving object,data mining,maritime traffic,maritime security surveillance,trajectory data,trajectory data records,movement behavior,anomaly detection,movement behavior discovery,anomalous moving object detection,Sea measurements,multidimensional outlying feature identification,movement behavior exploration,real time maritime trajectory stream,marine safety,real-time systems,trajectory behavior model,Data models,trajectory data mining,maritime trajectory data,sea ports,visual databases,maritime trajectory modeling,Trajectory,Electrical engineering,national security,coastal water,Surveillance,anomaly detection algorithm,Data mining,Security,security requirements,historical trajectories,"
"experimental assessment of long-term performance degradation for a pv power plant operating in a desert maritime climate","Performance ratio,PVUSA regression,Grid-connected photovoltaic plant,Degradation rate,Data pre-processing,Dust impact,"
"detecting anomalies from a multitarget tracking output","Kinematics,Kernel,multiobject tracking algorithm,Vectors,Poisson point process,sequential estimation,target tracking,unsupervised learning phase,multitarget tracking algorithms,Testing,object tracking,automatic identification system dataset,maritime surveillance,Partitioning algorithms,Tracking,online anomaly detection,Surveillance,kinematic states,video surveillance,"
"radis: a real-time anomaly detection intelligent system for fault diagnosis of marine machinery","Marine machinery,Deep learning,Intelligent real-time systems,Anomaly detection,Smart maintenance,Ship systems,"
"outlier detection approach for discovering anomalous maritime profiles","shipping lanes,probability density functions,Electric potential,Safety,unsupervised learning,naval statuses,public administration,Black Sea region,maritime authorities,outlier detection,Probability density function,temporal durations,port state control,statistical analysis,ships,port state control mechanism,marine safety,marine engineering,observed discrepancies,anomalous maritime profiles,AIS,Seaports,historical activity,Artificial intelligence,sea ports,maritime anomaly detection,Statistical analysis,anomalous data,smuggling,AIS data,Romanian exclusive economic zone,outlier detection approach,probability,AI-powered systems,Security,production engineering computing,data handling,suspect vessels,"
"trajectory pattern extraction and anomaly detection for maritime vessels","Trajectory,Maritime,LSTM,Next position prediction,Anomaly detection,Arrival port prediction,Arrival time prediction,Supervised learning,AIS,"
"markov logic networks for context integration and situation assessment in maritime domain","Markov processes,context integration,sensor fusion,probabilistic uncertainty management,anomaly detection,Marine vehicles,Grounding,situation assessment,security of data,Markov logic networks,Knowledge based systems,threat assessment,Markov random fields,marine engineering,maritime event recognition,maritime domain,probabilistic logic,Context,situational awareness,uncertainty handling,inference mechanisms,Uncertainty,online inference,first order logic,JDL fusion model,knowledge base,"
"knowledge discovery using genetic algorithm for maritime situational awareness","Defense,Maritime security,Genetic algorithm,Knowledge discovery,Decision support,Machine learning,"
"data-driven detection and context-based classification of maritime anomalies","normal traffic behaviour,context-based classification,synthetic abnormal track,unsupervised learning,anomaly detection,hierarchical reasoning,Feature extraction,information retrieval,security of data,Sea measurements,maritime security operation,maritime situational awareness,marine engineering,pattern classification,off route vessel,traffic model,Radar tracking,data driven detection approach,Tracking,Trajectory,unsupervised learning technique,traffic engineering computing,contextual information pre-extraction,on route vessel,Data mining,Detectors,"
"associative learning of vessel motion patterns for maritime situation awareness","maritime,Fuzzy neural networks,anomalous behavior,neural networks,Neural networks,Situation awareness,Learning systems,real-time tracking information,associative learning,vessel motion pattern,marine engineering,learning,Weather forecasting,Information technology,Tracking,prediction,maritime situation awareness,Algorithm design and analysis,Adaptive systems,Context modeling,concurrent incremental learning,neural network,learning (artificial intelligence),Event detection,tracking,"
"anomaly detection and tracking based on meanâ€“reverting processes with unknown parameters","random finite sets,Kinematics,Bernoulli random set,Anomaly detection,anomaly detection,Bayes methods,Mathematical model,Switches,mean-reverting Ornstein-Uhlenbeck stochastic process,Stochastic processes,Radio frequency,OU unknown parameters,sequential estimation,piecewise mean-reverting stochastic processes,target tracking,stochastic processes,unknown long-run mean velocity,hybrid Bernoulli filter,random processes,simulated maritime scenario,nominal condition,long-term object prediction,Bayes-optimal prediction,noise covariance,anomaly tracking,Ornstein-Uhlenbeck dynamic model,underlying OU process,multiple-model approach,multiple-model adaptive filter,adaptive filters,unknown switching control input,random vector,"
"an enhanced spatial reasoning ontology for maritime anomaly detection","Semantics,Spatial Reasoning,Abnormal Maritime Behaviour,abnormal ship behaviour,Marine vehicles,security of data,spatial reasoning,OWL,ships,spatial reasoning ontology,marine engineering,expert system,knowledge modelling,maritime domain,Spatial Ontology,ontologies (artificial intelligence),maritime anomaly detection,spatial knowledge,expert systems,Trajectory,Ontologies,spatial rule,Cognition,map interface,formal semantic properties,modelling specification,Geographic information systems,"
"overview of the security architecture of the comprehensive maritime awareness system","Access protocols,Mediation,anomalous behavior,federated identity management,Data handling,security architecture,Data analysis,Technology management,data protection mechanism,attribute-based access control,marine engineering,potential threats,Oracle label security,Protection,security assertion markup language,Access control,Identity management systems,Comprehensive Maritime Awareness system,Markup languages,authorisation,Data security,"
"exploiting logistics anomaly detection using maritime big data",""
"mineralogy and geochemistry of pseudogley soils and recent alluvial clastic sediments in the ngog-lituba region, southern cameroon: an implication to their genesis","Mineralogy,Hydromorphic clays,Southern Cameroon,Geochemistry,Genesis,"
"anomaly detection in maritime data based on geometrical analysis of trajectories","maritime data,Clustering algorithms,randomly chosen trajectories,optimal movement pattern,anomaly detection,North Pacific Ocean,Marine vehicles,abnormality score,Mathematical model,Feature extraction,geometrical trajectories analysis,scale-invariant features,ships,marine engineering,bad weather condition,AIS,Oceans,near-optimal path,ship trajectory,ship movements,graph theory,graph search algorithm,Joining processes,score values,search problems,Trajectory,automatic identification systems,"
"anomalous behavior detection of marine vessels based on hidden markov model","automatic anomaly detection,hidden Markov models,Hidden Markov models,Support vector machines,Anomaly detection,marine security,Anomaly Detection,security of data,low false alarm rate,marine safety,marine vessels,marine engineering,Biological system modeling,Maritime Surveillance,abnormal behaviors,Data models,parameters speed,maritime domain,situational awareness,marine traffic,Situational Awareness,maritime vessels anomalous behavior detection,Trajectory,Hidden Markov Model,Surveillance,high false alarm rate,"
"db-drift: concept drift aware density-based anomaly detection for maritime trajectories","Pipelines,surveillance,DB-Drift,Anomaly detection,anomaly detection,unsupervised learning,Concept drift,data distribution,maritime trajectories,density-based unsupervised anomaly detection,Signal processing,concept drift aware density-based anomaly detection,Soft sensors,marine engineering computing,maritime surveillance operations,Trajectory,Surveillance,Signal processing algorithms,real-world maritime data streams,data handling,"
"fault detection with lstm-based variational autoencoder for maritime components","Decoding,unnecessary maintenance,maritime components,fault-free data,optimal maintenance schedule,preventive maintenance,prognostic and health management,Anomaly detection,anomaly detection,Recurrent neural networks,maintenance engineering,fault detection,ship autonomy,fault prognostics,maintenance routines,ships,PvM,Prognostics and health management,LSTM-VAE,maintenance intervals,railway safety,PHM,Fault detection,condition monitoring,Training,post-failure repair,ideal maintenance policy,LSTM-based variational autoencoder,Sensors,RM,fault diagnosis,"
"automatic generation of geographical networks for maritime traffic surveillance","surveillance,Ports (Computers),Anomaly Detection,maritime shipping lanes,route segments,historical vessel positioning data,geographical maritime network,marine systems,Knowledge discovery,Standards,Maritime Traffic Networks,Maritime Surveillance,track reconstruction,knowledge discovery process,geographic information systems,hierarchical graph based representations,network nodes,Maritime Knowledge Discovery,Trajectory,automatic generation,Surveillance,Trajectory Mining and Synthetic Trajectories,Security,maritime traffic surveillance,traffic,"
"technical program",""
"data integrity assessment for maritime anomaly detection","Data falsification,Integrity assessment,AIS,"
"a context-aware approach for vessels’ trajectory prediction",""
"a novel anomaly detection approach to identify intentional ais on-off switching","Maritime surveillance,Automatic Identification System (AIS),Anomaly detection,Knowledge-based systems,Maritime Situational Awareness,Received Signal Strength Indicator,"
"data mining approach to shipping route characterization and anomaly detection based on ais data","Traffic characterization,Maritime traffic,Anomaly detection,Data mining,AIS data,"
"oculus sea™ forensics: an anomaly detection toolbox for maritime surveillance",""
"reasoning about anomalies: a study of the analytical process of detecting and identifying anomalous behavior in maritime traffic data",""
"neighborhood rough residual networkâ€“based outlier detection method in iot-enabled maritime transportation systems","Outlier detection,Data models,residual network,neighborhood combined entropy,Transportation,Entropy,data integrity,Anomaly detection,Behavioral sciences,Marine vehicles,Residual neural networks,IoT-enabled maritime transportation systems,"
"on the interest of data mining for an integrity assessment of ais messages","data mining,Safety,AIS message integrity assessment,anomaly detection,Marine vehicles,integrity assessment,security of data,clustering methods,Radio navigation,Object recognition,maritime situational awareness,automatic identification system,marine engineering,Automatic Identification System,International Maritime Organization,software architecture,data falsification,pattern clustering,Artificial intelligence,data processing,maritime electronic system,Clustering methods,Data mining,"
"vessel sailing patterns analysis from s-ais data dased on k-means clustering algorithm","SOG,surveillance,data mining,Clustering algorithms,vessel behavior,Marine vehicles,vessel collision avoidance,AIS data collection,ocean surveillance,TianTuo-3 satellite,elbow rule,speed over ground,space-based AIS ata,ships,satellite-based AIS,marine safety,K-means,marine engineering,automatic identification system,vessel anomaly,Elbow,k-means clustering algorithm,vessel sailing patterns analysis,pattern clustering,COG,Artificial intelligence,maritime traffic analysis,Satellite broadcasting,South Africa,course over ground,Trajectory,national security,artificial satellites,clustering algorithm,Data mining,normalized standard deviation,Maritime traffic analysis,Space-based AIS,S-AIS data,"
"anomaly detection model of small-scaled ship for maritime autonomous surface ships’ operation",""
"evaluation of a workshop to capture knowledge from subject matter experts in maritime surveillance","HCI,Safety,situation awareness,Informatics,human computer interaction,User Study,Situation Awareness,Human computer interaction,brainstorming workshops,marine engineering,Maritime Surveillance,Anomalies,Proposals,Collaboration,subject matter experts,Computer security,Surveillance,world wide maritime surveillance,Disaster management,Terrorism,Data security,"
"bayesian filtering for dynamic anomaly detection and tracking","developed Bayesian framework,surveillance,kinematic state,Mathematical models,Anomaly detection,Automatic identification system (AIS),Bayesian approach,random finite sets (RFSs),Bayesian filtering,Bayes methods,object dynamics,linear Gaussian target dynamics,Switches,Bernoulli filter,switching unknown control input,Radio frequency,target tracking,Aerodynamics,stochastic processes,filtering theory,radar,state estimation,detection uncertainty,Gaussian processes,Bernoulli RFS,Radar tracking,maritime anomaly detection,dynamic anomaly detection,joint input and state estimation (JISE),probability,Ornstein-Uhlenbeck dynamic model,GM-HBF,Gaussian-mixture hybrid Bernoulli filter,"
"real-time maritime traffic anomaly detection based on sensors and history data embedding",""
"exploitation of maritime domain ontologies for anomaly detection and threat analysis","Ontologies,security,proof of concept prototype,maritime situation awareness,Engines,Knowledge based systems,Cognition,Prototypes,ontologies (artificial intelligence),marine engineering,maritime domain ontology,threat analysis,description logic inference engine,anomaly detection,automated reasoning,Marine vehicles,Taxonomy,ontology,"
"advanced data analytics for ship performance monitoring under localized operational conditions","Energy efficiency,Data anomaly detection,Ship performance monitoring,Emission control,Machine learning,Big data analytics,"
"message from the mbdw'20 workshop chairs: mdm 2020",""
"spatio-temporal analysis of aerosol optical depth using rotated empirical orthogonal function over the maritime continent from 2001 to 2020","Indian ocean dipole,Aerosol optical depth,El Niño southern oscillation,Maritime continent,"
"maritime anomaly detection using gaussian process active learning","identification technology,data mining,automatic identification system data,data-driven nonparametric Bayesian model,Bayes methods,Marine vehicles,normal vessel behaviours,unsafe behaviour detection,informative data subsampling,Accuracy,illegal behaviour detection,Bayesian methods,sampling methods,real vessel data,Gaussian process active learning,United Kingdom,Data models,Gaussian processes,artificially generated AIS anomalies detection,maritime anomaly detection,artificial vessel data,training computational complexity,training,Training,behavioural sciences,computational complexity,normal shipping behaviour model,Computational modeling,suspicious behaviour detection,learning (artificial intelligence),newly-observed transmission,AIS data,"
"a framework for anomaly detection in maritime trajectory behavior",""
"belief modeling for maritime surveillance","surveillance,Anomaly detection,automated anomaly detection software,Marine vehicles,Monitoring,security of data,Decision making,Information security,data uncertainty,belief modeling,Application software,marine engineering,maritime surveillance,Humans,Radar tracking,decision making,high-level architecture,belief revision,Uncertainty,Surveillance,Data security,"
"neural network-based automatic reconstruction of missing vessel trajectory data","two-step calculation method,surveillance,missing position records,massive AIS data,LSTM-based reconstruction method,random forests,anomaly detection,transportation,Marine vehicles,trajectory reconstruction,maritime security,Random Forest method,long short-term memory-based supervised learning method,network overload,Radio frequency,Decision trees,neural nets,neural network-based automatic reconstruction,vessel trajectory data,ships,automatic identification system,marine safety,marine engineering,maritime surveillance,AIS-based vessel trajectories,trajectory data mining,time-stamped vessel position reports,Logic gates,massive vessel trajectories,Automatic identification system,missing AIS data,Trajectory,traffic route extraction,missing data points,vessel trajectory reconstruction,two-step method,independent tracking system,long short-term memory,maritime transportation efficiency,learning (artificial intelligence),tracking,bad weathers,"
"maritime threat detection using plan recognition","planning,plan recognition algorithms,maritime threat detection,Hidden Markov models,multiple vessel types,naval engineering,Prediction algorithms,routine plan,Planning,simulated maritime scenarios,hierarchical task network,Accuracy,normalcy models,marine systems,short-term reactive planning scenarios,HTN algorithm,case-based plan recognizer,Collision avoidance,Probabilistic logic,spatio-temporal events,case-based algorithms,maritime anomaly detection,reactive behavior task,behavior recognition algorithm,national security,Labeling,case-based reasoning,simulated riverine maritime traffic,"
"uncovering hidden concepts from ais data: a network abstraction of maritime traffic for anomaly detection",""
"context-enhanced vessel prediction based on ornstein-uhlenbeck processes using historical ais traffic patterns: real-world experimental results","surveillance,New Service Capabilities for Integrated and Advanced Maritime Surveillance,anomaly detection,security of data,Stochastic processes,Predictive models,Transmitters,historical AIS traffic pattern,vessel position prediction uncertainty,context enhanced vessel prediction method,NEREIDS,automatic identification system,CMRE tool,stochastic processes,marine engineering,Target tracking,maritime domain,Radar tracking,Real-time systems,Ornstein-Uhlenbeck stochastic process,traffic route extraction,traffic engineering computing,parameter estimation,Data mining,traffic route analysis,EC FP7 Project,"
"environmental information-aided electromagnetic propagation testbed for maritime communication","telecommunication network reliability,parabolic equation propagation model,radio links,broadband maritime communication,long-distance radio links,link outage,spatial propagation measurement,electromagnetic wave propagation,Temperature measurement,shorter coverage distance,path loss,anomalous propagation enhancement,atmospheric attenuation,Sea measurements,environmental information-aided electromagnetic propagation,Meteorology,ducting effect,Atmospheric modeling,microwave propagation,Attenuation,practical path loss,maritime channel,ocean environment,spatial distribution,Atmospheric measurements,complex refractivity estimation,maritime communication,electromagnetic propagation testbed,key time-varying environmental factors,maritime channel modeling,parabolic equations,marine communication,meteorology,frequency 3.5 GHz,Refractive index,temporal distribution,refractive index,propagation measurement,meteorological acquisition,co-channel interference,"
"cluster based anomaly detection with applications in the maritime industry","Sequential probability ratio test,Auto Associative Kernel Regression,Kernel,Anomaly detection,Sequential Probability Ratio Test,residuals analysis,regression analysis,Condition monitoring,Sensor system,Cluster based anomaly detection,Standards,Training data,signal reconstruction,Cluster based kernel regression,pattern clustering,AAKR,Bandwidth,mechanical engineering computing,diesel engines,Training,probability,marine diesel engine,maritime industry,Fault and anomaly detection,Temperature sensors,fault diagnosis,"
"mobility pattern analysis of ship trajectories based on semantic transformation and topic model","Ship mobility pattern,Trajectory analysis,Topic modeling,Automatic identification system,"
"anomaly detection in maritime ais tracks: a review of recent approaches",""
"deep learning aided beam vector assignment for massive mimo maritime communication considering location information and handover impact","Convolutional deep belief network (CDBN),Maritime communication,Deep learning (DL),Massive multiple input multiple output (M-MIMO),Gaussian anomaly detection (GAD),"
"six years of electrified convection over the island of corsica monitored by saetta: general trends and anomalously electrified thunderstorms during african dust south flow events","Lightning,Anomalous charge structure,Corsica,Aerosol,Long term observations,Convection,African dust,"
"fault diagnosis of regenerative thermal oxidizer system via dynamic uncertain causality graph integrated with early anomaly detection","Anomaly detection,Regenerative thermal oxidizer,Dynamic uncertain causality graph,Fault diagnosis,"
"ais-based maritime anomaly traffic detection: a review","Automatic Identification System (AIS),Vessel movements patterns,Maritime surveillance systems,Anomaly detection,Maritime traffic anomalous behavior,"
"malicious ais spoofing and abnormal stealth deviations: a comprehensive statistical framework for maritime anomaly detection","Ornsteinâ€“Uhlenbeck (OU) process,surveillance,maximum likelihood estimation,generalized likelihood ratio test,Automatic identification system (AIS),model-order selection (MOS),monitoring systems,AIS messages,security of data,maritime security,maritime situational awareness,target tracking,statistical analysis,vessel trajectory,model-order selection methodologies,Testing,automatic identification system,marine engineering,maritime surveillance,Data models,data spoofing,abnormal stealth deviations,Radar tracking,multiple hypothesis testing,Artificial intelligence,maritime anomaly detection,coastal radars,Radar,statistical framework,piecewise mean-reverting process,Trajectory,multiple statistical hypothesis test,space-born satellite sensors,Surveillance,collision avoidance,malicious AIS spoofing,"
"dissecting uncertainty handling techniques: illustration on maritime anomaly detection",""
"extracting rules from expert operators to support situation awareness in maritime surveillance","surveillance,naval engineering computing,situation awareness,Marine vehicles,rule-based application,rules extraction,information fusion,marine systems,maritime surveillance,Prototypes,Radar tracking,anomalous behaviour,expert operators,expert systems,Expert systems,Cognition,Surveillance,knowledge based systems,knowledge elicitation,Data mining,"
"a novelty detection approach to diagnosing hull and propeller fouling","Data analytics,Hull and propeller performance,Sensor data collection,Supervised learning,Hull fouling detection,Ship efficiency,"
"traffic knowledge discovery from ais data","data mining,raw AIS data,traffic route extraction for anomaly detection,Vectors,TREAD,unsupervised learning,operational utility,maritime traffic patterns,unsupervised learning approach,incremental learning approach,low-likelihood behaviours,maritime situational awareness,automatic identification system,Knowledge discovery,marine engineering,Entropy,traffic information systems,configurable knowledge framework,traffic knowledge discovery,Trajectory,Receivers,Surveillance,Data mining,historical traffic patterns,"
"maritime situation analysis: a multi-vessel interaction and anomaly detection framework","Kinematics,anomaly detection framework,Interactive Situation Analysis,hidden Markov models,sensor fusion,intelligent systems,Hidden Markov models,Maritime Safety & Security,Marine vehicles,Anomaly Detection,Decision Support,Feature extraction,data fusion,security of data,maritime security,geospatial aspects,sea lanes,military computing,kinematic features,contextual information,interaction patterns,hidden Markov model,multivessel interaction,maritime situation analysis,Trajectory,Cognition,ports,harbors,Intelligent Systems,Security,"
"maritime traffic networks: from historical positioning data to unsupervised maritime traffic monitoring","two-layer network,automatic identification system data,anomaly detection,traffic monitoring,synthetic maritime traffic representations,unsupervised maritime traffic monitoring,statistical analysis,real-time automatic maritime traffic monitoring,situation prediction,ships,marine engineering,maritime surveillance,AIS,Artificial intelligence,high traffic density,maritime traffic networks,Sensors,traffic engineering computing,Navigation,Surveillance,Baltic Sea,Data mining,Maritime traffic representation,Security,self-reporting positioning data,"
"discovering maritime traffic route from ais network","data mining,MTRD,AIS trajectory data discovery,terrestrial receivers,anomaly detection,AIS logs,traffic management,marine navigation,Global Positioning System,vessel movement information,Trajectory pattern mining,Trajectory data,Electronic mail,AIS network,maritime traffic knowledge,automatic identification system,marine safety,location point sequences,maritime trajectory data,Artificial intelligence,safety control,vehicle movements,maritime traffic route discovery,Roads,Trajectory,Uncertainty,traffic engineering computing,AIS trajectory data,AIS System,Maritime Traffic knowledge,automatic navigation information exchange,collision avoidance,conflict analysis,Data mining,maritime traffic awareness,Traffic Route Discovery,"
"unsupervised trajectory anomaly detection for situation awareness in maritime navigation",""
"ship movement anomaly detection using specialized distance measures","naval engineering computing,navigational behaviors,Clustering algorithms,vessel movements,distance measurement,anomaly detection,Marine vehicles,specialized distance measures,traffic separation scheme boundaries,Gravity,ship movement anomaly detection,ships,automatic identification system,real-time systems,maritime surveillance,Data models,international maritime organization rules,pattern clustering,trajectory mining,vessels,Trajectory,clustering,Labeling,real-time AIS surveillance,Data mining,maritime traffic domain,"
"a deep encoder-decoder network for anomaly detection in driving trajectory behavior under spatio-temporal context","Anomaly detection,Driving behavior,Deep learning,Trajectory data,"
"a multi-task deep learning architecture for maritime surveillance using ais data streams","three-task setting,crucial issues,recurrent neural nets,representation space,anomaly detection,Recurrent neural networks,multitask deep learning framework,trajectory reconstruction,recurrent neural networks,considering AIS data streams,variational recurrent neural networks,AIS messages,vessel type identification,Noise measurement,latent variable modeling,noisy data,deep learning,data analysis,AIS,maritime surveillance,Data models,streaming data,automatic identification system data streams,AIS datasets,trans fer learning,Trajectory,Deep learning,Task analysis,multitask deep learning architecture,global trading,vessel monitoring,learning (artificial intelligence),maritime safety,"
"evaluation and comparison of anomaly detection algorithms in annotated datasets from the maritime domain","surveillance,GMM,Clustering algorithms,Hidden Markov models,Intelligent systems,Anomaly detection,Gaussian Mixture Model,trajectory data,annotation tool,human decision making,operator trust,Sea measurements,nonsimulative dataset,mixture models,kernel density estimator,marine engineering,Gaussian processes,recall value,ground truth,maritime domain,robust system,Maritime domain,f1-score value,Kernel Density Estimation,Gaussian mixture model,annotated datasets,Trajectory,surveillance tasks,anomaly detection algorithms,Surveillance,normal model,precision value,KDE,"
"predictive maintenance leveraging machine learning for time-series forecasting in the maritime industry","time-series forecasting,predictive maintenance leveraging machine,optimized maintenance scheduling,maritime,vessel lifespan,data-driven decision making,Anomaly detection,anomaly detection,maintenance engineering,Machine learning,data sources,reduced maintenance costs,time-series,scheduling,time-series data,downtime,predictive maintenance,deep learning,Oils,data analysis,machine learning,Data models,maritime domain,real-time information,decision making,predictive maintenance solutions,time series,condition monitoring,permutation entropy,gradient boosting,Engines,maritime industry,Sensors,maintenance approaches,learning (artificial intelligence),Fuels,"
"sub-bottom profiling for large-scale maritime archaeological survey an experience-based approach","commercial activity,archaeological anomaly,cost-effective management strategy,Stone Age settlements,interactive sailing,seafloor phenomena,Chirp,Sea floor,chirp systems,cables,maritime archaeological survey,fishing,geophysical techniques,subbottom profiling,mapping strategy,strategy,Stone Age,windmills,archaeological sites,survey,cost-effective large-scale mapping,geology,facility installation,subbottom survey lines,pipelines,bathymetric patterns,off-the-shelf 2D chirp system,line spacing,side-scan techniques,chirp,Sediments,submerged cultural heritage,geological column,multibeam techniques,maritime archaeology,bathymetry,Acoustics,history,Geology,noninvasive acoustic survey methods,Boats,predictive modelling,high resolution subbottom profilers,aggregate extraction,archaeological wreck sites,large-scale maritime archaeological mapping,sea-floor sediments,harbours construction,bridge construction,Marine animals,sediment embedded sites,sea floor,marine areas,"
"an application of sensor-based anomaly detection in the maritime industry","AAKR model,sequential probability ratio test,Kernel,Industries,Marine vehicles,ship motion,regression analysis,Signal reconstruction,marine propulsion,data analysis,ships,auto associative kernel regression,propulsion power,marine engineering,maritime transport,Training data,signal reconstruction,Measurement,Big Data,Robustness,ship speed,degrees of freedom,maritime industry,Big Data analytics platform,real sensor data streaming,ship operation,SPRT technique,sensor-based anomaly detection application,"
"traffic pattern detection using the hough transformation for anomaly detection to improve maritime domain awareness","Traffic control,historical data archive,highway detection,Pattern Extraction,geographical regions,automatic atlas generation technique,cartography,anomaly detection,Marine vehicles,maritime domain awareness,traffic density grid,geography,AIS ship position data,Meteorology,Hough transformation,normal maritime behavior,ships,Maritime Domain Awareness,marine engineering,Hough Transformation,Hough transforms,Oceans,traffic information systems,traffic pattern extraction,coastal area,automated information system ship position data,linear pattern extraction,traffic pattern detection,Road transportation,Market research,ship traffic,image processing,Data mining,ocean travel,open-ocean area,Automated Information System,"
"random finite set tracking for anomaly detection in the presence of clutter","surveillance,sensor fusion,Anomaly detection,Bayes methods,Mathematical model,Switches,switching nature,switching unknown control input,Interacting Multiple Model Probabilistic Data Association Filter,Radio frequency,target tracking,unknown velocity input,sequential Bayesian framework,object tracking,Random Finite Sets,nominal behavior,surveillance applications,filtering theory,hybrid Bernoulli filter,Gaussian processes,Bernoulli RFS,Radar tracking,maritime anomaly detection,random Finite set tracking,clutter,joint anomaly detection,HBF,probability,Clutter,joint posterior density,object anomalous behavior,object kinematic state,Gaussian-mixture form,piecewise Ornstein-Uhlenbeck stochastic process,maritime surveillance example,"
"geotracknet - a maritime anomaly detector using probabilistic neural network representation of ais tracks and a contrario detection",""
"ensembled deep learning approach for maritime anomaly detection system",""
"screening maritime shipping containers for weapons of mass destruction","air sampling,container security test bed,screening maritime shipping containers,biosensors,Cranes,Chemical and biological sensors,chemical sensors,Containers,marine safety,terrorism,weapons of mass destruction,air sample based sensor,operational environment,sensors,sea ports,testbed,containers,Biology,background clutter,weapons,chemical biological defense,maritime shipping container screening,intelligent networks,Chemicals,intelligent design,information highlighting,Chemical sensors,TRUST program,SAFECON program,security,Container security,"
"a distance-based trajectory outlier detection method on maritime traffic data","data mining,Clustering algorithms,maritime traffic data,Anomaly detection,trajectory data,AIS networks,Chinese QiongZhou strait,speed anomaly detection,cluster,trajectory points,density based spatial clustering of applications with noise,outlier detection,cluster relative distance,DBSCAN,Gravity,marine safety,marine engineering,computation cost,AIS,Data models,cluster angular distance,trajectory data mining,distance anomaly,trajectory outlier detection,gravity vectors,AIS trajectories,pattern clustering,Artificial intelligence,distance-based approach,distance-based trajectory outlier detection method,maritime vessel trajectories,heading anomaly detection,Trajectory,traffic engineering computing,stop points,automatic identification system networks,AIS data,"
"research progress on ship anomaly detection based on big data","data-driven ship abnormal detection,Safety,Anomaly detection,Marine vehicles,progress review,ship navigation safety,security of data,Neural networks,neural nets,statistical analysis,real-time anomaly detection,data analysis,ships,ship behavior anomaly detection,marine safety,marine engineering,machine learning,statistical method,ship abnormal behavior,Statistical analysis,Big Data,maritime big data,abnormal detection,data-driven ship anomaly detection,maritime Big Data,neural network,Navigation,learning (artificial intelligence),"
"anomaly detection in the maritime domain",""
"chapter 4 - anomaly detection","k-Nearest Neighbor,Unsupervised Learning,Inductive Conformal Predictors,One-Class Classification,Sequential Data,Semi-supervised Learning,Anomaly Detection,Hausdorff Distance,"
"from safety to security - pattern and anomaly detections in maritime trajectories","data mining,Transportation,Safety,maritime trajectory mining,anomaly detection,Marine vehicles,Grounding,shore-based network,software tools,security of data,security implication,AIS network,software tool,automatic identification system,marine engineering,Automatic Identification System,feature extraction,trajectory mining,identification,Trajectory,Navigation,pattern detection,Security,near miss,"
"towards case-based reasoning for maritime anomaly detection: a positioning paper",""
"low-cost, intelligent drifter fleet for large-scale, distributed ocean observation","Satellites,data reporting,remote sensing,distributed ocean observation,complete data record,environmental ecosystem monitoring,Location ocean drifters,lagrangian drifter,intelligent drifter fleet,high-impact applications,anomaly detection,maritime domain awareness,drifter architecture,Persistent Environmental Awareness Reporting,Distributed databases,environmental data,vessel tracking,satellite communication,marine systems,Turning,oceanographic equipment,sensor data,advanced edge analytics,onboard compute module,cloud computing,ocean circulation,baseline environmental data,satellite transmission,Oceans,geophysics computing,data reduction,ocean environment,maritime awareness,satellite modem,data repository,edge processing,PEARL drifters,oceanographic regions,onboard data processing,Roads,cloud-edge algorithms,Cloud computing,national security,satellite short burst data transmission,Sensors,environmentally friendly ocean drifters,oceanographic techniques,"
"maritime situation analysis framework: vessel interaction classification and anomaly detection","Kinematics,surveillance,hidden Markov models,interactive situation analysis,Hidden Markov models,Geospatial analysis,anomaly detection,Anomaly Detection,maritime domain awareness,marine traffic data analysis,data fusion,information fusion,data analysis,Maritime Domain Awareness,vessel engagement,routine surveillance operations,marine engineering,support vector machines,kinematic features,probabilistic processes,geospatial features,machine learning,left-to-right hidden Markov models,vessel interaction classification,innovative intelligent systems,pattern classification,contextual information,Time series analysis,maritime situation analysis framework,Critical Infrastructure Protection,Big Data,vessel tracking data,Trajectory,Machine Learning,probability,complex vessel trajectory analysis,pattern representation,traffic engineering computing,Surveillance,maritime domain knowledge,marine vehicles,Intelligent Systems,learning (artificial intelligence),Security,security,"
"supporting the analytical reasoning process in maritime anomaly detection: evaluation and experimental design","surveillance,visual analytic support,anomaly detection,visual analytics,maritime domain awareness,human computer interaction,data visualisation,evaluation,ships,marine engineering,Humans,Data models,Measurement,maritime anomaly detection,visual representations,Data visualization,Visualization,investigative analysis,Cognition,visualization,analytical reasoning process,information visualization,Analytical models,"
"upper paleozoic mafic and intermediate volcanic rocks of the mount pleasant caldera associated with the sn–w deposit in southwestern new brunswick (canada): petrogenesis and metallogenic implications","Petrogenesis,Devonian,Sn–W deposit,Crustal contamination,Bimodal volcanic rocks,"
"risk-driven intent assessment and response generation in maritime surveillance operations","decision support systems,surveillance,automatic response generation,Risk management,Hidden Markov models,risk-aware DSS,Conferences,Feature extraction,behavioral knowledge,intent and threat assessment,Meteorology,marine systems,marine safety,COA recommendation module,cognitive knowledge,behavioral intents,risk management,operations research,MCDA,situational awareness,risk-driven response generation,course of action recommendation,high-level information fusion,course of action,RMF engine,Decision support systems,objects of interest,multicriteria decision making,maritime surveillance operations,multicriteria decision analysis,corporate search,OOI,risk management framework,Surveillance,risk-driven intent assessment,"
"geographic context configuration in fusion algorithms for maritime surveillance","fusion system,adaptive fusion,search radar,sensor fusion,quality metrics,marine radar,Radar tracking,Sensors,Context,Algorithm design and analysis,Surveillance,fusion algorithms,weather anomalies,geographic context configuration,Program processors,context-aided fusion,maritime surveillance,"
"dissecting uncertainty-based fusion techniques for maritime anomaly detection","performance criteria selection,URRT,Anomaly detection,uncertainty representation and reasoning framework ontology,Bayes methods,higher-level task,belief networks,Bayesian reasoning,vessel behaviour,uncertainty management,Information Quality,information fusion systems,marine engineering,uncertainty representation and reasoning techniques,Length measurement,ontologies (artificial intelligence),Pattern matching,maritime anomaly detection,uncertainty handling,URREF ontology,inference mechanisms,Ontologies,Uncertainty,Belief functions,maritime situation awareness,uncertainty-based fusion techniques,Cognition,Measurement uncertainty,URREF,"
"fusing uncertain knowledge and evidence for maritime situational awareness via markov logic networks","Uncertainty management,Situational awareness,Markov Logic Networks,Context-based fusion,"
"ship collision risk assessment based on collision detection algorithm","historical motion data,collision detection algorithm,Risk management,Safety,anomaly detection,Marine vehicles,safety,ships,marine safety,risk area,Data models,ship collision risk assessment,risk management,ship collision frequency,Artificial intelligence,sea ports,ship domain,risk assessment,automatic identified system data,autoencoder,Context modeling,Ningbo Zhoushan port,navigational safety,Navigation,collision detection,harbor area,Maritime and Port Authority,Waterway transportation,ship static information,"
"maritime anomaly detection based on a support vector machine",""
"the aleutian low, storm tracks, and winter climate variability in the bering sea","Aleutian Low,Winds,Storm tracks,North Pacific,Bering Sea,Climate variability,"
"automatic fault detection in seismic data using gaussian process regression","Global anomaly detection,Gaussian process regression,Fault,Reconstruction morphology,"
"maritime situation monitoring and awareness using learning mechanisms","supervised mapping,Pattern recognition,Clustering algorithms,unsupervised learning,Monitoring,computerised monitoring,Learning systems,real-time tracking information,on-the-fly learning,marine systems,military computing,pattern clustering,learning mechanisms,Pattern matching,unsupervised clustering algorithm,Real time systems,Tracking,labeling algorithm,Labeling,maritime situation monitoring,Discrete event simulation,pattern recognition,Contracts,"
"spatio-temporal data mining for maritime situational awareness","synthetic representation,Trajectory,data mining,Synthetic aperture radar,maritime situational awareness,Safety,Ports (Computers),mapping vessels activities,maritime situational picture,Data mining,automatic maritime route extraction,spatio-temporal data mining,Security,Knowledge discovery,oceanographic techniques,"
"topology preserving mapping for maritime anomaly detection",""
"anomaly detection with unknown anomalies: application to maritime machinery","diagnosis,predictive maintenance,condition-based monitoring,machine learning,anomaly detection,grey-box modelling,fault detection,"
"a contextual hybrid model for vessel movement prediction","recurrent neural nets,Safety,deep learning (artificial intelligence),Mathematical model,safety management,movement prediction,AIS dataset,Predictive models,curvilinear method,ubiquitous computing,deep neural networks,CLSTM network,ship behavior,deep learning,ships,automatic identification system dataset,marine safety,marine engineering,Data models,contextual hybrid model,contextual information,vessel movement prediction,United States of America,geographic context,data compression,Automatic identification system,vessel types,Trajectory,compressed trajectory estimation,context-aware LSTM network,vessel route planning,Deep learning,Context modeling,context-aware long short-term memory network,logical consistency,context-aware trajectories simplification,"
"assessment and source identification of pollution risk for touristic ports: heavy metals and polycyclic aromatic hydrocarbons in sediments of 4 marinas of the apulia region (italy)","Heavy metals,PAHs,Touristic port,Cumulative indices,Hazard degree,Port sediment,"
"maritime weather prediction using fuzzy logic in java sea","maritime weather prediction,atmospheric techniques,autoregressive method,Fuzzy,wheather,seawater,fuzzy logic,ocean waves,Indonesia,Humans,geophysics computing,Java Sea,Interpolation,anomalous sea waves,Java sea,high wave,forecast,prediction accuracy,weather forecasting,Surabaya-Banjarmasin cruise line,ARIMA,integrated moving average method,"
"grid size optimization for potential field based maritime anomaly detection","maritime traffic,potential field,anomaly detection,AIS,"
"intelligent deep fusion network for anomaly identification in maritime transportation systems","maritime data,Transportation,Urban areas,homogeneous data,deep learning (artificial intelligence),highly correlated data,Anomaly detection,maritime transportation systems,transportation,smart and secure transportation systems,intelligent transportation systems,similar clusters,anomaly identification,simple but efficient fusion strategy,Data models,marine data,pattern clustering,convolutional neural network,convolutional neural nets,intelligent deep fusion network,Training,Convolutional neural networks,decomposition,Deep learning,data cluster,learning (artificial intelligence),deep learning architecture,Convolution neural network,"
"fitting empirical distributions for vessels behavioural analysis and maritime anomaly detection","statistical distributions,universal parametric distribution,kernel density estimation applications,Safety,primary kinematic data,AIS messages,vessel behavioural analysis,Sea measurements,cumulative distribution functions,parametric maritime phenomena,probabilistic approaches,quantitative histograms,marine engineering,hidden activities,AIS,vessels behaviour,Probabilistic logic,Probability distribution,probability distribution fitting,Measurement,maritime anomaly detection,Statistical analysis,empirical distributions,naval behaviour characterization,Fitting,Black Sea region,empirical data,data handling,multiple complex maritime activities,"
"clustering of maritime trajectories with ais features for context learning","data mining,Clustering algorithms,anomaly detection problem,trajectory data,Marine vehicles,Conferences,Feature extraction,information retrieval,AIS feature extraction,information extraction,AIS real world ship data,single multidimensional instance,DTW trajectory similarity metric,pattern clustering,Artificial intelligence,Measurement,marine engineering computing,automatic identification system real world ship data,Context learning,DBSCAN algorithm,Trajectory,computational complexity,maritime trajectory clustering,context learning,Data mining,learning (artificial intelligence),AIS data,Trajectory clustering,"
"potential impact of long-life environmental sonobuoys on littoral asw","Acoustic measurements,Sea measurements,military systems,Predictive models,Sonar equipment,Sampling methods,Ocean temperature,Noise measurement,littoral ASW,operational acoustic sensors,Thermistors,Temperature measurement,Acoustic sensors,long-life environmental sonobuoys,"
"intelligent anomaly detection of trajectories for iot empowered maritime transportation systems","reduced model training times,Transportation,deep learning (artificial intelligence),Anomaly detection,maritime transportation systems,anomaly detection,Internet of Things,transportation,Marine vehicles,abnormal trajectories,Twin Delayed Deep Deterministic policy gradient,highly negative impacts,model training time,ships,IoT-MTS,trajectory anomaly detection model,deep reinforcement learning algorithm,Data models,normal trajectory,reinforcement learning,maritime transportation ships,Artificial intelligence,real-world automatic identification system dataset,Maritime Transportation Systems,graph variational autoencoder,trained anomaly detection model,Trajectory Anomaly Detection strategy,gradient methods,Deep reinforcement learning,model transfer,Trajectory,promising IoT-empowered MTS,intelligent Anomaly Detection,transfer learning,learning (artificial intelligence),data handling,Analytical models,"
"maritime group motion analysis: representation, learning, recognition, and deviation detection","Pattern recognition,motion analysis,image motion analysis,complex motion pattern representation,behavior pattern,learning methods,maritime group motion analysis,group tracking data,object tracking,marine engineering,object detection,group maneuvers,Tensile stress,Real-time systems,Indexes,Tracking,deviation detection,Trajectory,linear field theory,Sensors,maneuver behavior patterns,real-time deviations,learning (artificial intelligence),Group tracks,motion anomalies,"
"effects of persistence and large-scale climate anomalies on trends and change points in extreme precipitation of canada","Short-term persistence (STP),Long-term persistence (LTP),Trends,Extreme precipitation,Large-scale climate anomalies,Change points,"
"anomaly detection in vessel tracks using bayesian networks","Models of normality,Maritime data,Anomaly detection,Machine learning,Bayesian networks,AIS,"
"research into vessel behaviour pattern recognition in the maritime domain: past, present and future","Vessel behaviour recognition,Target tracking,Pattern of life,Anomaly detection,Plan recognition,Bayesian networks,Target classification,"
"incipient anomalous ionospheric divergence fast detection for coastal differential global navigation satellite system","DGNSS,Marine navigation,Ionospheric divergences,"
"distribution and coalification patterns in canadian bituminous and anthracite coals",""
"psr-based feature adaptation with anomaly re-prediction for maritime target tracking","response map,anomaly re-detection,tracking success rate,baseline algorithm ECO_HC,Kalman filter,Kalman filters,tracking anomaly,Prediction algorithms,target tracking status,PSR-based feature adaptation,dynamic weight coefficients,tracking confidence,maximum response value,ECO_HC tracker,tracking effect,Filtering algorithms,Filtering,feature dynamic fusion,target tracking,actual sea surface scenes,efficient convolution operator,object tracking,HOG features,manual features algorithm,relevant filter,target position,Target tracking,correlation filter,feature extraction,tracking method,Sea surface,target tracking algorithm,weight adaptation,anomaly prediction,CN features,Anomaly Re-Prediction,Interference,maritime target tracking,Heuristic algorithms,peak-to-sidelobe ratio,"
"an application of hierarchical gaussian processes to the detection of anomalies in star light curves","Anomaly detection,Astronomical data,Gaussian processes,"
"a parity space approach for satellite anomaly monitoring of maritime dgps",""
"a distributed spatial method for modeling maritime routes","data mining,Anomaly detection,anomaly detection,unsupervised learning,Marine vehicles,data driven maritime traffic,maritime traffic patterns,computationally efficient solution,patterns of life,routes,spatial knowledge discovery pipeline,MapReduce approach,ships,automatic identification system,marine safety,marine engineering,voluminous vessel tracking data,a priori expert knowledge,relevant maritime incidents,AIS,nonuniform spatial data,anomaly detection accuracy,ship routes,time 3.0 hour,highly accurate solution,pattern clustering,Artificial intelligence,information sources,Big Data,unsupervised learning methods,Roads,distributed spatial method,maritime modeling,Trajectory,entire processing duration,Surveillance,spatiotemporal dynamics,European Marine Casualty Information Platform,data handling,"
"anomaly detection using b-spline control points as feature space in annotated trajectory data from the maritime domain",""
"a joint statistical and symbolic anomaly detection system: increasing performance in maritime surveillance","surveillance,naval engineering computing,knowledge driven methods,anomaly detection,statistical methods,maritime domain awareness,security of data,statistical analysis,marine systems,illegal activity detection,situation assessement,maritime surveillance,Data models,Context,Joints,symbolic anomaly detection system,statistical anomaly detection system,Ontologies,hazardous activity detection,symbolic methods,data driven methods,Probability,Computational modeling,Surveillance,"
"maritime situation analysis","Security,software engineering,computational situation analysis model analysis,computational situation analysis model design,maritime security,marine safety,marine engineering,Data models,Robustness,model-driven engineering principles,realistic domain model,maritime situation analysis,Boats,national security,anomalous multivessel interaction detection,Computational modeling,rendezvous anomaly detection,Analytical models,maritime safety,"
"system architecture for real-time condition monitoring and anomaly detection on ships","Machine Learning,Condition Monitoring,Computer architecture,Systems architecture,Soft sensors,Real-time systems,Anomaly Detection,Ship Sensory Data,Condition monitoring,System Architecture,Organizations,Hardware,"
"rule-based expert system for maritime anomaly detection",""
"ai-empowered maritime internet of things: a parallel-network-driven approach","maritime network,Internet of Things,anomaly detection,Marine vehicles,traffic steering efficiency,network cognition,heterogeneous environment,Reinforcement learning,base stations,AI-empowered autonomous network,state inference,event prediction,ubiquitous computing,AI-empowered maritime Internet of Things,highly complex environment,service-oriented maritime IoT,Databases,computer network reliability,connection reliability,optical fibers,training-learning processes,knowledge database,parallel network,Complexity theory,marine communication,artificial intelligence,learning (artificial intelligence),ubiquitous connections,maritime communications,"
"multi-label classification for ais data anomaly detection using wavelet transform","telecommunication security,Clustering algorithms,incorrect AIS data,single satellite,Anomaly detection,Wavelet transforms,anomaly detection,random forests,collision course,Marine vehicles,Machine learning,damaged AIS messages,Data analysis,dedicated anomaly detection algorithm searches,satellite communication,ships,wavelet transform,pattern classification,random forest,Classification algorithms,multiple terrestrial areas,pattern clustering,machine learning based framework,Artificial intelligence,multi-label classification,multilabel classification,wavelet transforms,satellite infrastructure,AIS data anomaly detection,maritime equipment,communication range,Trajectory,marine communication,Labeling,early collision detection,AIS data analysis,packet collision effect,satellite AIS deals,"
"an expert-based method for the risk assessment of anomalous maritime transportation data","Maritime risk assessment,AIS data falsification,Traffic safety,"
"geotracknetâ€”a maritime anomaly detector using probabilistic neural network representation of ais tracks and a contrario detection","heterogeneous patterns,motion estimation,GeoTrackNet,naval engineering computing,Anomaly detection,Geospatial analysis,anomaly detection,probabilistic representation,variational recurrent neural networks,AIS messages,maritime traffic patterns,maritime anomaly detector,AIS dataset,maritime situational awareness,neural nets,probabilistic neural network representation,deep learning,ships,marine engineering,AIS data streams,complex patterns,contrario detection,AIS,maritime surveillance,object detection,Probabilistic logic,a contrario detection,Artificial intelligence,maritime anomaly detection,Trajectory,Task analysis,vessel monitoring,contrario detector,learning (artificial intelligence),state-of-the-art neural network schemes,Detectors,AIS tracks,"
"navigation anomaly detection: an added value for maritime cyber situational awareness","comprehensive information system,power management,globalized economies,navigation spoofing attacks,maritime assets,Sensor phenomena and characterization,computer crime,Programmable logic devices,Marine vehicles,Anomaly Detection,ship,operational technologies,engine,marine navigation,industrial programmable logic controllers,Data analysis,maritime cyber situational awareness,data analysis,ships,Performance evaluation,information systems,marine engineering,digitalization,digital sensors,information technologies,advanced navigation cyber attacks,decision making,Real-time systems,Visualisation,navigation anomaly detection,Cyber Situational Awareness,Machine Learning,Maritime Systems,nonstate actors,decision makers,Navigation,maritime sector,NMEA data analytics,maritime systems,"
"leveraging graph and deep learning uncertainties to detect anomalous maritime trajectories","Monte Carlo methods,classification,recurrent neural nets,graph,deep learning (artificial intelligence),Anomaly detection,DL models,graph-based trajectory representation,automatic identification system data,Monte Carlo dropout,graphical representation,traffic movement patterns,detect anomalous maritime trajectories,Predictive models,regression analysis,evidential deep learning,marine engineering,Data models,data patterns,pattern classification,Artificial intelligence,graph theory,RNN,regression,clustering,uncertainty,Trajectory,Uncertainty,probability,Computational modeling,traffic engineering computing,recurrent neural network-based evidential regression model,deep learning uncertainties,AIS data,"
"a novel hybrid approach for detecting abnormal vessel behavior in maritime traffic","Traffic control,Transportation,Clustering algorithms,LSTM,Prediction algorithms,CS-DBSCAN,Sensitivity,Real-time systems,Heuristic algorithms,abnormal vessel behavior,"
"technologies to aid decision making for maritime security","systematic approach,Dynamic Reasoning,trajectory analysis,sensor fusion,operator alerts,entity list ranking,causal information,situation information,black-listed entity ordering,anomaly detection,Anomaly Detection,Monitoring,maritime data fusion,belief networks,Knowledge engineering,computerised monitoring,Noise measurement,Scenario Modeling,entity activity pattern norm,martime security domain,Bayesian methods,structural relationship,marine safety,Cognitive science,marine engineering,D'Brain,nonparametric statistics,nonparametric Bayesian model,probabilistic information,Relationship Analysis,integrated maritime monitoring system,decision making,Trending,Graylist ranking technique,inference mechanisms,intelligent networks,probability,dual-HDP,dynamic Bayesian reasoning-and-advanced intelligent networks,Cognition,Computational modeling,terrorist attacks,dual-hierarchical Dirichlet processes,scenario-of-interest,decision support,integrated maritime reasoning system,piracy incidents,"
"a generic anomaly detection approach applied to mixture-of-unigrams and maritime surveillance data","geo-location data,data mining,Anomaly detection,Mixture-of-unigrams model,Marine vehicles,natural language processing,security of data,trained model,generic anomaly detection,ships,automatic identification system,marine engineering,text mining,generative topic model,Training data,Data models,statistical outliers,intuitive method,Artificial intelligence,Training,text analysis,Probability,maritime surveillance data,learning (artificial intelligence),"
